INSERT INTO `hospital`.`employee` (`EmployeeID`, `Name`, `Address`, `JobType`, `Specialty`, `Ward`, `Cost`, `Rank`, `PracticeInfo`) VALUES ('1243', 'Brady', '533-4004 Quis Street', 'Nurse', 'None', '1', '100', '2', 'Open');
INSERT INTO `hospital`.`employee` (`EmployeeID`, `Name`, `Address`, `JobType`, `Specialty`, `Ward`, `Cost`, `Rank`, `PracticeInfo`) VALUES ('1244', 'Colby', '4516 Dictum Rd.', 'Nurse', 'None', '1', '100', '4', 'Closed');
INSERT INTO `hospital`.`employee` (`EmployeeID`, `Name`, `Address`, `JobType`, `Specialty`, `Ward`, `Cost`, `Rank`, `PracticeInfo`) VALUES ('1245', 'Lee', 'Ap #458-2342 Purus St.', 'Nurse', 'None', '1', '100', '2', 'Closed');
INSERT INTO `hospital`.`employee` (`EmployeeID`, `Name`, `Address`, `JobType`, `Specialty`, `Ward`, `Cost`, `Rank`, `PracticeInfo`) VALUES ('1246', 'Cody', '609-1329 At St.', 'Nurse', 'None', '1', '100', '4', 'Closed');
INSERT INTO `hospital`.`employee` (`EmployeeID`, `Name`, `Address`, `JobType`, `Specialty`, `Ward`, `Cost`, `Rank`, `PracticeInfo`) VALUES ('1247', 'Hall', '344-7853 Inceptos Rd.', 'Nurse', 'None', '1', '100', '3', 'Closed');
INSERT INTO `hospital`.`employee` (`EmployeeID`, `Name`, `Address`, `JobType`, `Specialty`, `Ward`, `Cost`, `Rank`, `PracticeInfo`) VALUES ('1248', 'Keane', '5020 Tincidunt Avenue', 'Nurse', 'None', '1', '100', '2', 'Open');
INSERT INTO `hospital`.`employee` (`EmployeeID`, `Name`, `Address`, `JobType`, `Specialty`, `Ward`, `Cost`, `Rank`, `PracticeInfo`) VALUES ('1249', 'Harlan', '8059 Cursus Av.', 'Nurse', 'None', '1', '100', '3', 'Busy');
INSERT INTO `hospital`.`employee` (`EmployeeID`, `Name`, `Address`, `JobType`, `Specialty`, `Ward`, `Cost`, `Rank`, `PracticeInfo`) VALUES ('1250', 'Vernon', 'Ap #421-8765 Semper St.', 'Nurse', 'None', '1', '100', '4', 'Busy');
INSERT INTO `hospital`.`employee` (`EmployeeID`, `Name`, `Address`, `JobType`, `Specialty`, `Ward`, `Cost`, `Rank`, `PracticeInfo`) VALUES ('1251', 'Erasmus', '816 Morbi St.', 'Nurse', 'None', '2', '200', '3', 'Closed');
INSERT INTO `hospital`.`employee` (`EmployeeID`, `Name`, `Address`, `JobType`, `Specialty`, `Ward`, `Cost`, `Rank`, `PracticeInfo`) VALUES ('1252', 'Orson', '3123 Mus. St.', 'Nurse', 'None', '2', '200', '2', 'Open');
INSERT INTO `hospital`.`employee` (`EmployeeID`, `Name`, `Address`, `JobType`, `Specialty`, `Ward`, `Cost`, `Rank`, `PracticeInfo`) VALUES ('1253', 'Chaim', 'Ap #752-2905 Non Av.', 'Nurse', 'None', '2', '200', '2', 'Closed');
INSERT INTO `hospital`.`employee` (`EmployeeID`, `Name`, `Address`, `JobType`, `Specialty`, `Ward`, `Cost`, `Rank`, `PracticeInfo`) VALUES ('1254', 'Bert', '6446 Quisque Avenue', 'Nurse', 'None', '2', '200', '2', 'Closed');
INSERT INTO `hospital`.`employee` (`EmployeeID`, `Name`, `Address`, `JobType`, `Specialty`, `Ward`, `Cost`, `Rank`, `PracticeInfo`) VALUES ('1255', 'Matthew', 'P.O. Box 206', 'Nurse', 'None', '2', '200', '4', 'Open');
INSERT INTO `hospital`.`employee` (`EmployeeID`, `Name`, `Address`, `JobType`, `Specialty`, `Ward`, `Cost`, `Rank`, `PracticeInfo`) VALUES ('1256', 'Gary', 'P.O. Box 410', 'Nurse', 'None', '2', '200', '2', 'Open');
INSERT INTO `hospital`.`employee` (`EmployeeID`, `Name`, `Address`, `JobType`, `Specialty`, `Ward`, `Cost`, `Rank`, `PracticeInfo`) VALUES ('1268', 'Jonah', '3739 Mauris', 'Surgeon', 'Cancer', '1', '500', '3', 'Open');
INSERT INTO `hospital`.`employee` (`EmployeeID`, `Name`, `Address`, `JobType`, `Specialty`, `Ward`, `Cost`, `Rank`, `PracticeInfo`) VALUES ('1269', 'Jerry', 'P.O. Box 403', 'Surgeon', 'Heart', '1', '500', '3', 'Busy');
INSERT INTO `hospital`.`employee` (`EmployeeID`, `Name`, `Address`, `JobType`, `Specialty`, `Ward`, `Cost`, `Rank`, `PracticeInfo`) VALUES ('1270', 'Kenyon', 'Ap #283-653 Luctus St.', 'Surgeon', 'Cancer', '1', '500', '4', 'Busy');
INSERT INTO `hospital`.`employee` (`EmployeeID`, `Name`, `Address`, `JobType`, `Specialty`, `Ward`, `Cost`, `Rank`, `PracticeInfo`) VALUES ('1271', 'Isaiah', 'Ap #263-8224 Dui. St.', 'Surgeon', 'Heart', '1', '500', '1', 'Closed');
INSERT INTO `hospital`.`employee` (`EmployeeID`, `Name`, `Address`, `JobType`, `Specialty`, `Ward`, `Cost`, `Rank`, `PracticeInfo`) VALUES ('1272', 'Todd', '7084 Sollicitudin Rd.', 'Surgeon', 'Heart', '1', '500', '1', 'Busy');
INSERT INTO `hospital`.`employee` (`EmployeeID`, `Name`, `Address`, `JobType`, `Specialty`, `Ward`, `Cost`, `Rank`, `PracticeInfo`) VALUES ('1273', 'Rahim', '925-4406 Ornare Avenue', 'Surgeon', 'Heart', '1', '500', '4', 'Open');
INSERT INTO `hospital`.`employee` (`EmployeeID`, `Name`, `Address`, `JobType`, `Specialty`, `Ward`, `Cost`, `Rank`, `PracticeInfo`) VALUES ('1274', 'Lawrence', '704-2016 Per Av.', 'Surgeon', 'Heart', '1', '500', '4', 'Open');
INSERT INTO `hospital`.`employee` (`EmployeeID`, `Name`, `Address`, `JobType`, `Specialty`, `Ward`, `Cost`, `Rank`, `PracticeInfo`) VALUES ('1275', 'Simon', '240-460 Consectetuer Road', 'Surgeon', 'Cancer', '1', '500', '3', 'Closed');
INSERT INTO `hospital`.`employee` (`EmployeeID`, `Name`, `Address`, `JobType`, `Specialty`, `Ward`, `Cost`, `Rank`, `PracticeInfo`) VALUES ('1276', 'Dane', '553-7645 Mattis Street', 'Surgeon', 'Bone', '1', '500', '2', 'Open');
INSERT INTO `hospital`.`employee` (`EmployeeID`, `Name`, `Address`, `JobType`, `Specialty`, `Ward`, `Cost`, `Rank`, `PracticeInfo`) VALUES ('1277', 'Vaughan', '533-503 Et Ave', 'Surgeon', 'Cancer', '1', '500', '2', 'Busy');
INSERT INTO `hospital`.`employee` (`EmployeeID`, `Name`, `Address`, `JobType`, `Specialty`, `Ward`, `Cost`, `Rank`, `PracticeInfo`) VALUES ('1278', 'Amal', '2792 Nisi Road', 'Surgeon', 'Heart', '1', '500', '4', 'Closed');
INSERT INTO `hospital`.`employee` (`EmployeeID`, `Name`, `Address`, `JobType`, `Specialty`, `Ward`, `Cost`, `Rank`, `PracticeInfo`) VALUES ('1279', 'Elvis', '979 Arcu. Street', 'Surgeon', 'Cancer', '1', '500', '3', 'Closed');
INSERT INTO `hospital`.`employee` (`EmployeeID`, `Name`, `Address`, `JobType`, `Specialty`, `Ward`, `Cost`, `Rank`, `PracticeInfo`) VALUES ('1280', 'Hayden', '2064 Non St.', 'Surgeon', 'Bone', '1', '500', '1', 'Open');
INSERT INTO `hospital`.`employee` (`EmployeeID`, `Name`, `Address`, `JobType`, `Specialty`, `Ward`, `Cost`, `Rank`, `PracticeInfo`) VALUES ('1281', 'Charles', 'Ap #316-2349 Et Rd.', 'Surgeon', 'Bone', '1', '500', '2', 'Open');
INSERT INTO `hospital`.`employee` (`EmployeeID`, `Name`, `Address`, `JobType`, `Specialty`, `Ward`, `Cost`, `Rank`, `PracticeInfo`) VALUES ('1282', 'Plato', '1712 Dapibus Avenue', 'Surgeon', 'Cancer', '1', '500', '2', 'Open');
INSERT INTO `hospital`.`employee` (`EmployeeID`, `Name`, `Address`, `JobType`, `Specialty`, `Ward`, `Cost`, `Rank`, `PracticeInfo`) VALUES ('1283', 'Rooney', '170-7423 Sit Av.', 'Surgeon', 'Cancer', '1', '500', '3', 'Open');
INSERT INTO `hospital`.`employee` (`EmployeeID`, `Name`, `Address`, `JobType`, `Specialty`, `Ward`, `Cost`, `Rank`, `PracticeInfo`) VALUES ('1284', 'Rogan', 'Ap #468-2256 Nam Rd.', 'Surgeon', 'Heart', '1', '500', '3', 'Closed');
INSERT INTO `hospital`.`employee` (`EmployeeID`, `Name`, `Address`, `JobType`, `Specialty`, `Ward`, `Cost`, `Rank`, `PracticeInfo`) VALUES ('1285', 'Bert', '729-1247 Sed Av.', 'Surgeon', 'Bone', '1', '500', '2', 'Closed');
INSERT INTO `hospital`.`employee` (`EmployeeID`, `Name`, `Address`, `JobType`, `Specialty`, `Ward`, `Cost`, `Rank`, `PracticeInfo`) VALUES ('1286', 'Ciaran', 'Ap #923-7594 Quis Av.', 'Surgeon', 'Bone', '1', '500', '1', 'Open');
INSERT INTO `hospital`.`employee` (`EmployeeID`, `Name`, `Address`, `JobType`, `Specialty`, `Ward`, `Cost`, `Rank`, `PracticeInfo`) VALUES ('1287', 'Plato', '4615 Lectus Rd.', 'Surgeon', 'Heart', '1', '500', '2', 'Busy');
INSERT INTO `hospital`.`employee` (`EmployeeID`, `Name`, `Address`, `JobType`, `Specialty`, `Ward`, `Cost`, `Rank`, `PracticeInfo`) VALUES ('1288', 'Hayden', '359-3083 Quis', 'Surgeon', 'Bone', '1', '500', '3', 'Open');
INSERT INTO `hospital`.`employee` (`EmployeeID`, `Name`, `Address`, `JobType`, `Specialty`, `Ward`, `Cost`, `Rank`, `PracticeInfo`) VALUES ('1289', 'Axel', 'Ap #245-5328 Et', 'Surgeon', 'Heart', '1', '500', '3', 'Busy');
INSERT INTO `hospital`.`employee` (`EmployeeID`, `Name`, `Address`, `JobType`, `Specialty`, `Ward`, `Cost`, `Rank`, `PracticeInfo`) VALUES ('1290', 'Kermit', 'Ap #679-8825 Et', 'Surgeon', 'Heart', '1', '500', '2', 'Open');
INSERT INTO `hospital`.`employee` (`EmployeeID`, `Name`, `Address`, `JobType`, `Specialty`, `Ward`, `Cost`, `Rank`, `PracticeInfo`) VALUES ('1291', 'Noah', '833-3248 Convallis', 'Surgeon', 'Bone', '1', '500', '3', 'Busy');
INSERT INTO `hospital`.`employee` (`EmployeeID`, `Name`, `Address`, `JobType`, `Specialty`, `Ward`, `Cost`, `Rank`, `PracticeInfo`) VALUES ('1292', 'Tiger', 'P.O. Box 920', 'Surgeon', 'Heart', '1', '500', '1', 'Closed');
INSERT INTO `hospital`.`employee` (`EmployeeID`, `Name`, `Address`, `JobType`, `Specialty`, `Ward`, `Cost`, `Rank`, `PracticeInfo`) VALUES ('1293', 'Kelly', 'P.O. Box 230', 'Surgeon', 'Cancer', '1', '500', '4', 'Open');
INSERT INTO `hospital`.`employee` (`EmployeeID`, `Name`, `Address`, `JobType`, `Specialty`, `Ward`, `Cost`, `Rank`, `PracticeInfo`) VALUES ('1294', 'Ulysses', '984-7476 Lorem Av.', 'Technician', 'None', '1', '200', '1', 'Busy');
INSERT INTO `hospital`.`employee` (`EmployeeID`, `Name`, `Address`, `JobType`, `Specialty`, `Ward`, `Cost`, `Rank`, `PracticeInfo`) VALUES ('1295', 'Armand', 'Ap #572-1922 Et', 'Technician', 'None', '1', '200', '3', 'Open');
INSERT INTO `hospital`.`employee` (`EmployeeID`, `Name`, `Address`, `JobType`, `Specialty`, `Ward`, `Cost`, `Rank`, `PracticeInfo`) VALUES ('1296', 'Lamar', 'Ap #541-6267 Non Avenue', 'Technician', 'None', '1', '200', '1', 'Closed');
INSERT INTO `hospital`.`employee` (`EmployeeID`, `Name`, `Address`, `JobType`, `Specialty`, `Ward`, `Cost`, `Rank`, `PracticeInfo`) VALUES ('1297', 'Avram', '747-8427 Eget Av.', 'Technician', 'None', '1', '200', '4', 'Closed');


INSERT INTO `hospital`.`insurance` (`InsuranceID`, `Agent`, `Deductible`, `MaxAllowable`) VALUES ('4444', 'Bob', '100', '2000');
INSERT INTO `hospital`.`insurance` (`InsuranceID`, `Agent`, `Deductible`, `MaxAllowable`) VALUES ('5555', 'Smith', '200', '3000');
INSERT INTO `hospital`.`insurance` (`InsuranceID`, `Agent`, `Deductible`, `MaxAllowable`) VALUES ('6666', 'Jacob', '300', '4000');
INSERT INTO `hospital`.`insurance` (`InsuranceID`, `Agent`, `Deductible`, `MaxAllowable`) VALUES ('7777', 'Lily', '50', '6000');

INSERT INTO `hospital`.`conditions` (`Conditions`, `Specialty`, `TimeToCure`, `Cost`) VALUES ('123455', 'Bone', '1', '800');
INSERT INTO `hospital`.`conditions` (`Conditions`, `Specialty`, `TimeToCure`, `Cost`) VALUES ('123222', 'Heart', '2', '8000');
INSERT INTO `hospital`.`conditions` (`Conditions`, `Specialty`, `TimeToCure`, `Cost`) VALUES ('123467', 'Cancer', '2', '23000');

INSERT INTO `hospital`.`patient` (`PatientID`, `Name`, `Phone`, `Address`, `NextofKin`, `LivingWill`, `InsuranceID`, `Conditions`) VALUES ('10000', 'Cruz', '(470) 876-0932', '729-7812 Nunc Avenue', 'Brother', 'Brother', '7777', '123455');
INSERT INTO `hospital`.`patient` (`PatientID`, `Name`, `Phone`, `Address`, `NextofKin`, `LivingWill`, `InsuranceID`, `Conditions`) VALUES ('10001', 'Lionel', '(275) 942-7163', '9074 Neque. Avenue', 'Brother', 'Brother', '4444', '123467');
INSERT INTO `hospital`.`patient` (`PatientID`, `Name`, `Phone`, `Address`, `NextofKin`, `LivingWill`, `InsuranceID`, `Conditions`) VALUES ('10002', 'Berk', '(559) 660-1715', 'Ap #855-5534 In Road', 'Brother', 'Brother', '4444', '123222');
INSERT INTO `hospital`.`patient` (`PatientID`, `Name`, `Phone`, `Address`, `NextofKin`, `LivingWill`, `InsuranceID`, `Conditions`) VALUES ('10003', 'Geoffrey', '(778) 665-7078', '996 Maecenas Avenue', 'Brother', 'Brother', '4444', '123467');
INSERT INTO `hospital`.`patient` (`PatientID`, `Name`, `Phone`, `Address`, `NextofKin`, `LivingWill`, `InsuranceID`, `Conditions`) VALUES ('10004', 'Wallace', '(226) 517-2610', '235-6649 Interdum. Avenue', 'Brother', 'Brother', '4444', '123455');
INSERT INTO `hospital`.`patient` (`PatientID`, `Name`, `Phone`, `Address`, `NextofKin`, `LivingWill`, `InsuranceID`, `Conditions`) VALUES ('10005', 'Tucker', '(888) 925-3018', '2339 Vestibulum. Rd.', 'Brother', 'Brother', '6666', '123455');
INSERT INTO `hospital`.`patient` (`PatientID`, `Name`, `Phone`, `Address`, `NextofKin`, `LivingWill`, `InsuranceID`, `Conditions`) VALUES ('10006', 'Dieter', '(871) 954-5071', '338-5049 Ad Avenue', 'Child', 'Brother', '4444', '123467');
INSERT INTO `hospital`.`patient` (`PatientID`, `Name`, `Phone`, `Address`, `NextofKin`, `LivingWill`, `InsuranceID`, `Conditions`) VALUES ('10007', 'Andrew', '(388) 487-1540', '804-4633 Nam St.', 'Child', 'Brother', '4444', '123455');
INSERT INTO `hospital`.`patient` (`PatientID`, `Name`, `Phone`, `Address`, `NextofKin`, `LivingWill`, `InsuranceID`, `Conditions`) VALUES ('10008', 'Peter', '(660) 745-0462', 'Ap #521-403 Nisi Rd.', 'Child', 'Brother', '5555', '123467');
INSERT INTO `hospital`.`patient` (`PatientID`, `Name`, `Phone`, `Address`, `NextofKin`, `LivingWill`, `InsuranceID`, `Conditions`) VALUES ('10009', 'Brady', '(524) 103-8178', 'Ap #958-8122 Lacinia Avenue', 'Child', 'Brother', '4444', '123222');
INSERT INTO `hospital`.`patient` (`PatientID`, `Name`, `Phone`, `Address`, `NextofKin`, `LivingWill`, `InsuranceID`, `Conditions`) VALUES ('10010', 'Perry', '(959) 873-5267', '761-7160 Augue. Road', 'Child', 'Brother', '5555', '123455');
INSERT INTO `hospital`.`patient` (`PatientID`, `Name`, `Phone`, `Address`, `NextofKin`, `LivingWill`, `InsuranceID`, `Conditions`) VALUES ('10011', 'Jeremy', '(358) 390-9935', 'Ap #820-9327 Ridiculus Rd.', 'Sister', 'Brother', '4444', '123455');
INSERT INTO `hospital`.`patient` (`PatientID`, `Name`, `Phone`, `Address`, `NextofKin`, `LivingWill`, `InsuranceID`, `Conditions`) VALUES ('10012', 'Oscar', '(673) 884-5903', '302-7155 Arcu. Road', 'Sister', 'Brother', '6666', '123222');
INSERT INTO `hospital`.`patient` (`PatientID`, `Name`, `Phone`, `Address`, `NextofKin`, `LivingWill`, `InsuranceID`, `Conditions`) VALUES ('10013', 'Driscoll', '(827) 347-0254', '728-1822 Consectetuer Rd.', 'Sister', 'Brother', '4444', '123455');
INSERT INTO `hospital`.`patient` (`PatientID`, `Name`, `Phone`, `Address`, `NextofKin`, `LivingWill`, `InsuranceID`, `Conditions`) VALUES ('10014', 'Roth', '(467) 855-7592', 'Ap #162-5313 Sed St.', 'Spouse', 'Brother', '6666', '123455');
INSERT INTO `hospital`.`patient` (`PatientID`, `Name`, `Phone`, `Address`, `NextofKin`, `LivingWill`, `InsuranceID`, `Conditions`) VALUES ('10015', 'Brenden', '(651) 185-7720', 'Ap #885-2850 Et', 'Brother', 'Wife', '5555', '123222');
INSERT INTO `hospital`.`patient` (`PatientID`, `Name`, `Phone`, `Address`, `NextofKin`, `LivingWill`, `InsuranceID`, `Conditions`) VALUES ('10016', 'Gavin', '(682) 119-4510', 'P.O. Box 923', 'Brother', 'Wife', '7777', '123222');
INSERT INTO `hospital`.`patient` (`PatientID`, `Name`, `Phone`, `Address`, `NextofKin`, `LivingWill`, `InsuranceID`, `Conditions`) VALUES ('10017', 'Xanthus', '(990) 839-8356', '353-1152 Elementum', 'Brother', 'Wife', '7777', '123455');
INSERT INTO `hospital`.`patient` (`PatientID`, `Name`, `Phone`, `Address`, `NextofKin`, `LivingWill`, `InsuranceID`, `Conditions`) VALUES ('10018', 'Damian', '(815) 385-1276', 'P.O. Box 805', 'Brother', 'Lottery', '7777', '123455');
INSERT INTO `hospital`.`patient` (`PatientID`, `Name`, `Phone`, `Address`, `NextofKin`, `LivingWill`, `InsuranceID`, `Conditions`) VALUES ('10019', 'Burton', '(731) 202-6274', 'P.O. Box 761', 'Brother', 'Lottery', '5555', '123222');
INSERT INTO `hospital`.`patient` (`PatientID`, `Name`, `Phone`, `Address`, `NextofKin`, `LivingWill`, `InsuranceID`, `Conditions`) VALUES ('10020', 'Raphael', '(526) 867-0383', 'P.O. Box 683', 'Brother', 'Wife', '6666', '123467');
INSERT INTO `hospital`.`patient` (`PatientID`, `Name`, `Phone`, `Address`, `NextofKin`, `LivingWill`, `InsuranceID`, `Conditions`) VALUES ('10021', 'Noah', '(877) 159-3817', 'P.O. Box 948', 'Brother', 'Brother', '6666', '123455');
INSERT INTO `hospital`.`patient` (`PatientID`, `Name`, `Phone`, `Address`, `NextofKin`, `LivingWill`, `InsuranceID`, `Conditions`) VALUES ('10022', 'Xanthus', '(129) 780-1824', 'Ap #282-5252 Enim', 'Brother', 'Dog', '5555', '123222');
INSERT INTO `hospital`.`patient` (`PatientID`, `Name`, `Phone`, `Address`, `NextofKin`, `LivingWill`, `InsuranceID`, `Conditions`) VALUES ('10023', 'Grady', '(298) 867-6026', 'P.O. Box 703', 'Child', 'Brother', '6666', '123467');
INSERT INTO `hospital`.`patient` (`PatientID`, `Name`, `Phone`, `Address`, `NextofKin`, `LivingWill`, `InsuranceID`, `Conditions`) VALUES ('10024', 'Ryder', '(261) 782-9343', '116-8734 Pede', 'Child', 'Lottery', '7777', '123222');
INSERT INTO `hospital`.`patient` (`PatientID`, `Name`, `Phone`, `Address`, `NextofKin`, `LivingWill`, `InsuranceID`, `Conditions`) VALUES ('10025', 'Reese', '(240) 971-7495', 'P.O. Box 365', 'Child', 'Lottery', '7777', '123455');
INSERT INTO `hospital`.`patient` (`PatientID`, `Name`, `Phone`, `Address`, `NextofKin`, `LivingWill`, `InsuranceID`, `Conditions`) VALUES ('10026', 'Oleg', '(222) 770-5394', 'P.O. Box 906', 'Child', 'Wife', '7777', '123455');
INSERT INTO `hospital`.`patient` (`PatientID`, `Name`, `Phone`, `Address`, `NextofKin`, `LivingWill`, `InsuranceID`, `Conditions`) VALUES ('10027', 'Hashim', '(902) 387-2183', 'P.O. Box 459', 'Child', 'Wife', '4444', '123222');
INSERT INTO `hospital`.`patient` (`PatientID`, `Name`, `Phone`, `Address`, `NextofKin`, `LivingWill`, `InsuranceID`, `Conditions`) VALUES ('10028', 'Stewart', '(392) 388-0159', 'P.O. Box 106', 'Child', 'Lottery', '6666', '123455');
INSERT INTO `hospital`.`patient` (`PatientID`, `Name`, `Phone`, `Address`, `NextofKin`, `LivingWill`, `InsuranceID`, `Conditions`) VALUES ('10029', 'Zachery', '(537) 435-0601', 'Ap #838-1246 Augue', 'Child', 'Wife', '4444', '123467');
INSERT INTO `hospital`.`patient` (`PatientID`, `Name`, `Phone`, `Address`, `NextofKin`, `LivingWill`, `InsuranceID`, `Conditions`) VALUES ('10030', 'Drew', '(909) 529-4210', 'Ap #996-2262 Auctor St.', 'Child', 'Dog', '7777', '123222');
INSERT INTO `hospital`.`patient` (`PatientID`, `Name`, `Phone`, `Address`, `NextofKin`, `LivingWill`, `InsuranceID`, `Conditions`) VALUES ('10031', 'Raphael', '(768) 575-6376', '689-6240 Auctor Avenue', 'Child', 'Dog', '7777', '123222');
INSERT INTO `hospital`.`patient` (`PatientID`, `Name`, `Phone`, `Address`, `NextofKin`, `LivingWill`, `InsuranceID`, `Conditions`) VALUES ('10032', 'Clarke', '(172) 716-3533', '176-9679 Imperdiet Street', 'Sister', 'Dog', '6666', '123467');
INSERT INTO `hospital`.`patient` (`PatientID`, `Name`, `Phone`, `Address`, `NextofKin`, `LivingWill`, `InsuranceID`, `Conditions`) VALUES ('10033', 'Jamal', '(744) 792-6943', 'Ap #551-8558 Dolor Rd.', 'Sister', 'Dog', '6666', '123455');
INSERT INTO `hospital`.`patient` (`PatientID`, `Name`, `Phone`, `Address`, `NextofKin`, `LivingWill`, `InsuranceID`, `Conditions`) VALUES ('10034', 'Rigel', '(783) 201-9916', '1391 Fusce Street', 'Sister', 'Dog', '7777', '123455');
INSERT INTO `hospital`.`patient` (`PatientID`, `Name`, `Phone`, `Address`, `NextofKin`, `LivingWill`, `InsuranceID`, `Conditions`) VALUES ('10035', 'Amos', '(718) 872-3985', '1442 Eget Road', 'Sister', 'Dog', '5555', '123222');
INSERT INTO `hospital`.`patient` (`PatientID`, `Name`, `Phone`, `Address`, `NextofKin`, `LivingWill`, `InsuranceID`, `Conditions`) VALUES ('10036', 'Damon', '(579) 922-1551', 'Ap #378-7709 A Street', 'Sister', 'Dog', '7777', '123455');
INSERT INTO `hospital`.`patient` (`PatientID`, `Name`, `Phone`, `Address`, `NextofKin`, `LivingWill`, `InsuranceID`, `Conditions`) VALUES ('10037', 'Silas', '(136) 997-1375', '7182 Suspendisse Rd.', 'Sister', 'Dog', '7777', '123455');
INSERT INTO `hospital`.`patient` (`PatientID`, `Name`, `Phone`, `Address`, `NextofKin`, `LivingWill`, `InsuranceID`, `Conditions`) VALUES ('10038', 'Kennan', '(809) 417-4943', '749-2386 In Street', 'Sister', 'Dog', '6666', '123222');
INSERT INTO `hospital`.`patient` (`PatientID`, `Name`, `Phone`, `Address`, `NextofKin`, `LivingWill`, `InsuranceID`, `Conditions`) VALUES ('10039', 'Chase', '(129) 891-0899', '933-9059 Vitae Rd.', 'Sister', 'Dog', '5555', '123467');
INSERT INTO `hospital`.`patient` (`PatientID`, `Name`, `Phone`, `Address`, `NextofKin`, `LivingWill`, `InsuranceID`, `Conditions`) VALUES ('10040', 'Ulysses', '(117) 155-2766', '221-8917 Morbi St.', 'Spouse', 'Dog', '7777', '123222');
INSERT INTO `hospital`.`patient` (`PatientID`, `Name`, `Phone`, `Address`, `NextofKin`, `LivingWill`, `InsuranceID`, `Conditions`) VALUES ('10041', 'Noah', '(983) 130-4585', '804 Aliquet. Street', 'Spouse', 'Dog', '5555', '123455');
INSERT INTO `hospital`.`patient` (`PatientID`, `Name`, `Phone`, `Address`, `NextofKin`, `LivingWill`, `InsuranceID`, `Conditions`) VALUES ('10042', 'Simon', '(747) 501-3094', '630-5493 Non Ave', 'Spouse', 'Dog', '4444', '123222');
INSERT INTO `hospital`.`patient` (`PatientID`, `Name`, `Phone`, `Address`, `NextofKin`, `LivingWill`, `InsuranceID`, `Conditions`) VALUES ('10043', 'Tate', '(501) 686-6101', '2681 Pellentesque Ave', 'Spouse', 'Dog', '7777', '123222');
INSERT INTO `hospital`.`patient` (`PatientID`, `Name`, `Phone`, `Address`, `NextofKin`, `LivingWill`, `InsuranceID`, `Conditions`) VALUES ('10044', 'Yoshio', '(718) 108-9034', '193-7012 Id Street', 'Brother', 'Lottery', '7777', '123222');
INSERT INTO `hospital`.`patient` (`PatientID`, `Name`, `Phone`, `Address`, `NextofKin`, `LivingWill`, `InsuranceID`, `Conditions`) VALUES ('10045', 'Xanthus', '(882) 874-5209', '3014 Magnis Rd.', 'Brother', 'Lottery', '6666', '123455');
INSERT INTO `hospital`.`patient` (`PatientID`, `Name`, `Phone`, `Address`, `NextofKin`, `LivingWill`, `InsuranceID`, `Conditions`) VALUES ('10046', 'Yuli', '(617) 319-6108', 'Ap #366-4076 Adipiscing Rd.', 'Brother', 'Lottery', '4444', '123467');
INSERT INTO `hospital`.`patient` (`PatientID`, `Name`, `Phone`, `Address`, `NextofKin`, `LivingWill`, `InsuranceID`, `Conditions`) VALUES ('10047', 'Austin', '(638) 263-1608', 'Ap #226-4256 Elit Road', 'Brother', 'Lottery', '5555', '123455');
INSERT INTO `hospital`.`patient` (`PatientID`, `Name`, `Phone`, `Address`, `NextofKin`, `LivingWill`, `InsuranceID`, `Conditions`) VALUES ('10048', 'Kirk', '(930) 432-1652', '2727 Orci. Av.', 'Brother', 'Lottery', '6666', '123455');
INSERT INTO `hospital`.`patient` (`PatientID`, `Name`, `Phone`, `Address`, `NextofKin`, `LivingWill`, `InsuranceID`, `Conditions`) VALUES ('10049', 'Grady', '(740) 910-4106', '550-3239 Elementum Road', 'Brother', 'Lottery', '7777', '123455');
INSERT INTO `hospital`.`patient` (`PatientID`, `Name`, `Phone`, `Address`, `NextofKin`, `LivingWill`, `InsuranceID`, `Conditions`) VALUES ('10050', 'Perry', '(112) 949-5758', '194-7028 Quis Avenue', 'Brother', 'Lottery', '6666', '123467');
INSERT INTO `hospital`.`patient` (`PatientID`, `Name`, `Phone`, `Address`, `NextofKin`, `LivingWill`, `InsuranceID`, `Conditions`) VALUES ('10051', 'Judah', '(822) 789-8742', '261-1173 Duis Rd.', 'Child', 'Lottery', '6666', '123222');
INSERT INTO `hospital`.`patient` (`PatientID`, `Name`, `Phone`, `Address`, `NextofKin`, `LivingWill`, `InsuranceID`, `Conditions`) VALUES ('10052', 'Quinn', '(707) 206-3704', '435-948 Sit Ave', 'Child', 'Lottery', '6666', '123222');
INSERT INTO `hospital`.`patient` (`PatientID`, `Name`, `Phone`, `Address`, `NextofKin`, `LivingWill`, `InsuranceID`, `Conditions`) VALUES ('10053', 'Hamish', '(733) 447-7558', '571-4174 Nullam Avenue', 'Child', 'Lottery', '7777', '123467');
INSERT INTO `hospital`.`patient` (`PatientID`, `Name`, `Phone`, `Address`, `NextofKin`, `LivingWill`, `InsuranceID`, `Conditions`) VALUES ('10054', 'Dillon', '(395) 637-0971', 'Ap #121-5717 Mi Road', 'Sister', 'Lottery', '7777', '123455');
INSERT INTO `hospital`.`patient` (`PatientID`, `Name`, `Phone`, `Address`, `NextofKin`, `LivingWill`, `InsuranceID`, `Conditions`) VALUES ('10055', 'Warren', '(856) 496-1221', '393-2147 Sagittis. Ave', 'Spouse', 'Lottery', '4444', '123222');
INSERT INTO `hospital`.`patient` (`PatientID`, `Name`, `Phone`, `Address`, `NextofKin`, `LivingWill`, `InsuranceID`, `Conditions`) VALUES ('10056', 'Rahim', '(298) 461-0695', 'Ap #450-7716 Sociis Rd.', 'Spouse', 'Lottery', '6666', '123467');
INSERT INTO `hospital`.`patient` (`PatientID`, `Name`, `Phone`, `Address`, `NextofKin`, `LivingWill`, `InsuranceID`, `Conditions`) VALUES ('10057', 'Asher', '(991) 322-1948', 'Ap #507-7765 Enim. Rd.', 'Spouse', 'Lottery', '4444', '123222');
INSERT INTO `hospital`.`patient` (`PatientID`, `Name`, `Phone`, `Address`, `NextofKin`, `LivingWill`, `InsuranceID`, `Conditions`) VALUES ('10058', 'Abdul', '(571) 550-4045', 'Ap #707-1944 Lectus St.', 'Spouse', 'Lottery', '6666', '123222');
INSERT INTO `hospital`.`patient` (`PatientID`, `Name`, `Phone`, `Address`, `NextofKin`, `LivingWill`, `InsuranceID`, `Conditions`) VALUES ('10059', 'Buckminster', '(335) 293-2430', '161-7134 Tincidunt Avenue', 'Spouse', 'Lottery', '7777', '123455');
INSERT INTO `hospital`.`patient` (`PatientID`, `Name`, `Phone`, `Address`, `NextofKin`, `LivingWill`, `InsuranceID`, `Conditions`) VALUES ('10060', 'Chaim', '(672) 599-9571', '650-4398 Cum Road', 'Spouse', 'Lottery', '5555', '123455');
INSERT INTO `hospital`.`patient` (`PatientID`, `Name`, `Phone`, `Address`, `NextofKin`, `LivingWill`, `InsuranceID`, `Conditions`) VALUES ('10061', 'Jackson', '(696) 988-1835', '1591 Ornare Av.', 'Spouse', 'Lottery', '6666', '123467');
INSERT INTO `hospital`.`patient` (`PatientID`, `Name`, `Phone`, `Address`, `NextofKin`, `LivingWill`, `InsuranceID`, `Conditions`) VALUES ('10062', 'George', '(234) 986-2729', '506-2342 Quisque Street', 'Spouse', 'Lottery', '6666', '123455');
INSERT INTO `hospital`.`patient` (`PatientID`, `Name`, `Phone`, `Address`, `NextofKin`, `LivingWill`, `InsuranceID`, `Conditions`) VALUES ('10063', 'Myles', '(261) 864-3819', '383-3575 Amet St.', 'Spouse', 'Lottery', '7777', '123222');
INSERT INTO `hospital`.`patient` (`PatientID`, `Name`, `Phone`, `Address`, `NextofKin`, `LivingWill`, `InsuranceID`, `Conditions`) VALUES ('10064', 'Wyatt', '(134) 894-1304', 'P.O. Box 828', 'Sister', 'Brother', '7777', '123467');
INSERT INTO `hospital`.`patient` (`PatientID`, `Name`, `Phone`, `Address`, `NextofKin`, `LivingWill`, `InsuranceID`, `Conditions`) VALUES ('10065', 'Wylie', '(860) 453-0405', 'P.O. Box 545', 'Sister', 'Brother', '7777', '123455');
INSERT INTO `hospital`.`patient` (`PatientID`, `Name`, `Phone`, `Address`, `NextofKin`, `LivingWill`, `InsuranceID`, `Conditions`) VALUES ('10066', 'Lance', '(334) 551-2871', 'Ap #926-2303 Eu', 'Sister', 'Wife', '4444', '123222');
INSERT INTO `hospital`.`patient` (`PatientID`, `Name`, `Phone`, `Address`, `NextofKin`, `LivingWill`, `InsuranceID`, `Conditions`) VALUES ('10067', 'Zeph', '(170) 480-8199', 'Ap #474-2351 Tellus', 'Sister', 'Wife', '5555', '123222');
INSERT INTO `hospital`.`patient` (`PatientID`, `Name`, `Phone`, `Address`, `NextofKin`, `LivingWill`, `InsuranceID`, `Conditions`) VALUES ('10068', 'Michael', '(828) 498-7213', 'P.O. Box 983', 'Sister', 'Wife', '6666', '123467');
INSERT INTO `hospital`.`patient` (`PatientID`, `Name`, `Phone`, `Address`, `NextofKin`, `LivingWill`, `InsuranceID`, `Conditions`) VALUES ('10069', 'Ivor', '(875) 666-2938', 'P.O. Box 816', 'Sister', 'Brother', '4444', '123467');
INSERT INTO `hospital`.`patient` (`PatientID`, `Name`, `Phone`, `Address`, `NextofKin`, `LivingWill`, `InsuranceID`, `Conditions`) VALUES ('10070', 'Dustin', '(474) 585-0369', 'P.O. Box 388', 'Spouse', 'Lottery', '5555', '123222');
INSERT INTO `hospital`.`patient` (`PatientID`, `Name`, `Phone`, `Address`, `NextofKin`, `LivingWill`, `InsuranceID`, `Conditions`) VALUES ('10071', 'Damon', '(906) 649-4223', 'P.O. Box 218', 'Spouse', 'Brother', '4444', '123455');
INSERT INTO `hospital`.`patient` (`PatientID`, `Name`, `Phone`, `Address`, `NextofKin`, `LivingWill`, `InsuranceID`, `Conditions`) VALUES ('10072', 'Barry', '(836) 612-7505', 'Ap #560-6569 Et', 'Spouse', 'Dog', '4444', '123455');
INSERT INTO `hospital`.`patient` (`PatientID`, `Name`, `Phone`, `Address`, `NextofKin`, `LivingWill`, `InsuranceID`, `Conditions`) VALUES ('10073', 'Lance', '(971) 800-8915', '1373 In', 'Spouse', 'Dog', '5555', '123455');
INSERT INTO `hospital`.`patient` (`PatientID`, `Name`, `Phone`, `Address`, `NextofKin`, `LivingWill`, `InsuranceID`, `Conditions`) VALUES ('10074', 'Amos', '(157) 885-3088', '2325 Est', 'Spouse', 'Wife', '6666', '123455');
INSERT INTO `hospital`.`patient` (`PatientID`, `Name`, `Phone`, `Address`, `NextofKin`, `LivingWill`, `InsuranceID`, `Conditions`) VALUES ('10075', 'Knox', '(724) 922-7014', 'P.O. Box 728', 'Spouse', 'Brother', '4444', '123467');
INSERT INTO `hospital`.`patient` (`PatientID`, `Name`, `Phone`, `Address`, `NextofKin`, `LivingWill`, `InsuranceID`, `Conditions`) VALUES ('10076', 'Keith', '(308) 395-8063', 'P.O. Box 196', 'Spouse', 'Dog', '5555', '123455');
INSERT INTO `hospital`.`patient` (`PatientID`, `Name`, `Phone`, `Address`, `NextofKin`, `LivingWill`, `InsuranceID`, `Conditions`) VALUES ('10077', 'Ross', '(697) 349-6093', '1229 Eu', 'Spouse', 'Wife', '5555', '123222');
INSERT INTO `hospital`.`patient` (`PatientID`, `Name`, `Phone`, `Address`, `NextofKin`, `LivingWill`, `InsuranceID`, `Conditions`) VALUES ('10078', 'Ulric', '(126) 848-9081', 'P.O. Box 928', 'Spouse', 'Brother', '6666', '123222');
INSERT INTO `hospital`.`patient` (`PatientID`, `Name`, `Phone`, `Address`, `NextofKin`, `LivingWill`, `InsuranceID`, `Conditions`) VALUES ('10079', 'Colt', '(991) 969-4574', '4213 In Road', 'Brother', 'Wife', '5555', '123467');
INSERT INTO `hospital`.`patient` (`PatientID`, `Name`, `Phone`, `Address`, `NextofKin`, `LivingWill`, `InsuranceID`, `Conditions`) VALUES ('10080', 'Fulton', '(276) 435-3697', '4269 Blandit. St.', 'Brother', 'Wife', '4444', '123467');
INSERT INTO `hospital`.`patient` (`PatientID`, `Name`, `Phone`, `Address`, `NextofKin`, `LivingWill`, `InsuranceID`, `Conditions`) VALUES ('10081', 'Levi', '(564) 938-8739', 'Ap #653-6142 Mauris Rd.', 'Brother', 'Wife', '7777', '123455');
INSERT INTO `hospital`.`patient` (`PatientID`, `Name`, `Phone`, `Address`, `NextofKin`, `LivingWill`, `InsuranceID`, `Conditions`) VALUES ('10082', 'Hayden', '(603) 614-1986', '6756 Pede. Rd.', 'Child', 'Wife', '6666', '123467');
INSERT INTO `hospital`.`patient` (`PatientID`, `Name`, `Phone`, `Address`, `NextofKin`, `LivingWill`, `InsuranceID`, `Conditions`) VALUES ('10083', 'Asher', '(214) 542-9124', '2815 Vitae St.', 'Child', 'Wife', '6666', '123455');
INSERT INTO `hospital`.`patient` (`PatientID`, `Name`, `Phone`, `Address`, `NextofKin`, `LivingWill`, `InsuranceID`, `Conditions`) VALUES ('10084', 'Leonard', '(935) 379-4925', '4599 Consequat Av.', 'Child', 'Wife', '6666', '123467');
INSERT INTO `hospital`.`patient` (`PatientID`, `Name`, `Phone`, `Address`, `NextofKin`, `LivingWill`, `InsuranceID`, `Conditions`) VALUES ('10085', 'Luke', '(868) 697-0978', '5073 Dolor Ave', 'Child', 'Wife', '4444', '123455');
INSERT INTO `hospital`.`patient` (`PatientID`, `Name`, `Phone`, `Address`, `NextofKin`, `LivingWill`, `InsuranceID`, `Conditions`) VALUES ('10086', 'Duncan', '(808) 188-3019', 'Ap #448-8754 Justo Ave', 'Child', 'Wife', '7777', '123455');
INSERT INTO `hospital`.`patient` (`PatientID`, `Name`, `Phone`, `Address`, `NextofKin`, `LivingWill`, `InsuranceID`, `Conditions`) VALUES ('10087', 'Edward', '(941) 969-6275', '8448 Bibendum. Rd.', 'Child', 'Wife', '6666', '123455');
INSERT INTO `hospital`.`patient` (`PatientID`, `Name`, `Phone`, `Address`, `NextofKin`, `LivingWill`, `InsuranceID`, `Conditions`) VALUES ('10088', 'Jeremy', '(101) 345-4658', 'Ap #891-3838 Lorem Av.', 'Sister', 'Wife', '5555', '123467');
INSERT INTO `hospital`.`patient` (`PatientID`, `Name`, `Phone`, `Address`, `NextofKin`, `LivingWill`, `InsuranceID`, `Conditions`) VALUES ('10089', 'Keefe', '(636) 863-8668', 'Ap #676-8667 Tempus St.', 'Sister', 'Wife', '7777', '123467');
INSERT INTO `hospital`.`patient` (`PatientID`, `Name`, `Phone`, `Address`, `NextofKin`, `LivingWill`, `InsuranceID`, `Conditions`) VALUES ('10090', 'Ross', '(179) 360-3660', '9413 Quam Road', 'Sister', 'Wife', '7777', '123455');
INSERT INTO `hospital`.`patient` (`PatientID`, `Name`, `Phone`, `Address`, `NextofKin`, `LivingWill`, `InsuranceID`, `Conditions`) VALUES ('10091', 'Vernon', '(532) 858-4003', '6152 Turpis Av.', 'Sister', 'Wife', '5555', '123467');
INSERT INTO `hospital`.`patient` (`PatientID`, `Name`, `Phone`, `Address`, `NextofKin`, `LivingWill`, `InsuranceID`, `Conditions`) VALUES ('10092', 'Jelani', '(964) 681-6393', 'Ap #632-4060 Lacus. Street', 'Sister', 'Wife', '6666', '123467');
INSERT INTO `hospital`.`patient` (`PatientID`, `Name`, `Phone`, `Address`, `NextofKin`, `LivingWill`, `InsuranceID`, `Conditions`) VALUES ('10093', 'Steven', '(275) 720-2153', '3361 Aliquet Avenue', 'Spouse', 'Wife', '4444', '123467');
INSERT INTO `hospital`.`patient` (`PatientID`, `Name`, `Phone`, `Address`, `NextofKin`, `LivingWill`, `InsuranceID`, `Conditions`) VALUES ('10094', 'Armand', '(355) 219-8756', 'Ap #514-8872 In Ave', 'Spouse', 'Wife', '6666', '123455');
INSERT INTO `hospital`.`patient` (`PatientID`, `Name`, `Phone`, `Address`, `NextofKin`, `LivingWill`, `InsuranceID`, `Conditions`) VALUES ('10095', 'Maxwell', '(524) 854-1386', 'P.O. Box 223', 'Brother', 'Lottery', '4444', '123467');
INSERT INTO `hospital`.`patient` (`PatientID`, `Name`, `Phone`, `Address`, `NextofKin`, `LivingWill`, `InsuranceID`, `Conditions`) VALUES ('10096', 'Hashim', '(112) 593-5515', 'P.O. Box 186', 'Brother', 'Brother', '6666', '123222');
INSERT INTO `hospital`.`patient` (`PatientID`, `Name`, `Phone`, `Address`, `NextofKin`, `LivingWill`, `InsuranceID`, `Conditions`) VALUES ('10097', 'Steven', '(690) 429-1744', 'P.O. Box 773', 'Child', 'Dog', '7777', '123455');
INSERT INTO `hospital`.`patient` (`PatientID`, `Name`, `Phone`, `Address`, `NextofKin`, `LivingWill`, `InsuranceID`, `Conditions`) VALUES ('10098', 'Seth', '(482) 976-9995', 'P.O. Box 532', 'Child', 'Dog', '4444', '123455');
INSERT INTO `hospital`.`patient` (`PatientID`, `Name`, `Phone`, `Address`, `NextofKin`, `LivingWill`, `InsuranceID`, `Conditions`) VALUES ('10099', 'Ishmael', '(246) 620-1333', 'P.O. Box 859', 'Child', 'Lottery', '7777', '123467');

INSERT INTO `hospital`.`room` (`Room`, `Ward`, `Price`) VALUES ('201', '1', '200');
INSERT INTO `hospital`.`room` (`Room`, `Ward`, `Price`) VALUES ('202', '1', '200');
INSERT INTO `hospital`.`room` (`Room`, `Ward`, `Price`) VALUES ('203', '1', '200');
INSERT INTO `hospital`.`room` (`Room`, `Ward`, `Price`) VALUES ('204', '1', '200');
INSERT INTO `hospital`.`room` (`Room`, `Ward`, `Price`) VALUES ('205', '1', '200');
INSERT INTO `hospital`.`room` (`Room`, `Ward`, `Price`) VALUES ('206', '1', '200');
INSERT INTO `hospital`.`room` (`Room`, `Ward`, `Price`) VALUES ('207', '1', '200');
INSERT INTO `hospital`.`room` (`Room`, `Ward`, `Price`) VALUES ('208', '1', '200');
INSERT INTO `hospital`.`room` (`Room`, `Ward`, `Price`) VALUES ('209', '1', '200');
INSERT INTO `hospital`.`room` (`Room`, `Ward`, `Price`) VALUES ('210', '1', '200');
INSERT INTO `hospital`.`room` (`Room`, `Ward`, `Price`) VALUES ('301', '2', '300');
INSERT INTO `hospital`.`room` (`Room`, `Ward`, `Price`) VALUES ('302', '2', '300');
INSERT INTO `hospital`.`room` (`Room`, `Ward`, `Price`) VALUES ('303', '2', '300');
INSERT INTO `hospital`.`room` (`Room`, `Ward`, `Price`) VALUES ('304', '2', '300');
INSERT INTO `hospital`.`room` (`Room`, `Ward`, `Price`) VALUES ('305', '2', '300');
INSERT INTO `hospital`.`room` (`Room`, `Ward`, `Price`) VALUES ('306', '2', '300');
INSERT INTO `hospital`.`room` (`Room`, `Ward`, `Price`) VALUES ('307', '2', '300');
INSERT INTO `hospital`.`room` (`Room`, `Ward`, `Price`) VALUES ('308', '2', '300');
INSERT INTO `hospital`.`room` (`Room`, `Ward`, `Price`) VALUES ('309', '2', '300');
INSERT INTO `hospital`.`room` (`Room`, `Ward`, `Price`) VALUES ('310', '2', '300');



INSERT INTO `hospital`.`schedules` (`Date`, `Time`, `Room`, `PatientID`, `SurgeonID`, `TechID`, `NurseID`) VALUES ('04.24.17', '10:00', '201', '10000', '1268', '1294', '1251');
INSERT INTO `hospital`.`schedules` (`Date`, `Time`, `Room`, `PatientID`, `SurgeonID`, `TechID`, `NurseID`) VALUES ('04.24.17', '10:00', '202', '10001', '1280', '1295', '1252');
INSERT INTO `hospital`.`schedules` (`Date`, `Time`, `Room`, `PatientID`, `SurgeonID`, `TechID`, `NurseID`) VALUES ('04.24.17', '10:00', '203', '10002', '1286', '1296', '1253');
INSERT INTO `hospital`.`schedules` (`Date`, `Time`, `Room`, `PatientID`, `SurgeonID`, `TechID`, `NurseID`) VALUES ('04.24.17', '11:00', '204', '10003', '1286', '1297', '1254');
INSERT INTO `hospital`.`schedules` (`Date`, `Time`, `Room`, `PatientID`, `SurgeonID`, `TechID`, `NurseID`) VALUES ('04.24.17', '11:00', '205', '10004', '1271', '1294', '1255');
INSERT INTO `hospital`.`schedules` (`Date`, `Time`, `Room`, `PatientID`, `SurgeonID`, `TechID`, `NurseID`) VALUES ('04.24.17', '11:00', '206', '10005', '1278', '1295', '1256');
INSERT INTO `hospital`.`schedules` (`Date`, `Time`, `Room`, `PatientID`, `SurgeonID`, `TechID`, `NurseID`) VALUES ('04.24.17', '11:00', '207', '10006', '1291', '1296', '1251');
INSERT INTO `hospital`.`schedules` (`Date`, `Time`, `Room`, `PatientID`, `SurgeonID`, `TechID`, `NurseID`) VALUES ('04.24.17', '12:00', '208', '10007', '1271', '1297', '1252');
INSERT INTO `hospital`.`schedules` (`Date`, `Time`, `Room`, `PatientID`, `SurgeonID`, `TechID`, `NurseID`) VALUES ('04.24.17', '12:00', '209', '10008', '1281', '1294', '1253');
INSERT INTO `hospital`.`schedules` (`Date`, `Time`, `Room`, `PatientID`, `SurgeonID`, `TechID`, `NurseID`) VALUES ('04.24.17', '12:00', '210', '10009', '1290', '1295', '1254');
INSERT INTO `hospital`.`schedules` (`Date`, `Time`, `Room`, `PatientID`, `SurgeonID`, `TechID`, `NurseID`) VALUES ('04.24.17', '13:00', '201', '10010', '1285', '1296', '1255');
INSERT INTO `hospital`.`schedules` (`Date`, `Time`, `Room`, `PatientID`, `SurgeonID`, `TechID`, `NurseID`) VALUES ('04.24.17', '13:00', '202', '10011', '1289', '1297', '1256');
INSERT INTO `hospital`.`schedules` (`Date`, `Time`, `Room`, `PatientID`, `SurgeonID`, `TechID`, `NurseID`) VALUES ('04.24.17', '14:00', '203', '10012', '1279', '1294', '1251');
INSERT INTO `hospital`.`schedules` (`Date`, `Time`, `Room`, `PatientID`, `SurgeonID`, `TechID`, `NurseID`) VALUES ('04.24.17', '14:00', '204', '10013', '1292', '1295', '1252');
INSERT INTO `hospital`.`schedules` (`Date`, `Time`, `Room`, `PatientID`, `SurgeonID`, `TechID`, `NurseID`) VALUES ('04.24.17', '15:00', '205', '10014', '1275', '1296', '1253');
INSERT INTO `hospital`.`schedules` (`Date`, `Time`, `Room`, `PatientID`, `SurgeonID`, `TechID`, `NurseID`) VALUES ('04.24.17', '15:00', '206', '10015', '1288', '1297', '1254');
INSERT INTO `hospital`.`schedules` (`Date`, `Time`, `Room`, `PatientID`, `SurgeonID`, `TechID`, `NurseID`) VALUES ('04.24.17', '15:00', '207', '10016', '1272', '1294', '1255');
INSERT INTO `hospital`.`schedules` (`Date`, `Time`, `Room`, `PatientID`, `SurgeonID`, `TechID`, `NurseID`) VALUES ('04.24.17', '16:00', '208', '10017', '1278', '1295', '1256');
INSERT INTO `hospital`.`schedules` (`Date`, `Time`, `Room`, `PatientID`, `SurgeonID`, `TechID`, `NurseID`) VALUES ('04.24.17', '8:00', '209', '10018', '1277', '1296', '1251');
INSERT INTO `hospital`.`schedules` (`Date`, `Time`, `Room`, `PatientID`, `SurgeonID`, `TechID`, `NurseID`) VALUES ('04.24.17', '8:00', '210', '10019', '1280', '1297', '1252');
INSERT INTO `hospital`.`schedules` (`Date`, `Time`, `Room`, `PatientID`, `SurgeonID`, `TechID`, `NurseID`) VALUES ('04.24.17', '9:00', '201', '10020', '1272', '1294', '1253');
INSERT INTO `hospital`.`schedules` (`Date`, `Time`, `Room`, `PatientID`, `SurgeonID`, `TechID`, `NurseID`) VALUES ('04.25.17', '10:00', '202', '10029', '1276', '1295', '1254');
INSERT INTO `hospital`.`schedules` (`Date`, `Time`, `Room`, `PatientID`, `SurgeonID`, `TechID`, `NurseID`) VALUES ('04.25.17', '10:00', '203', '10033', '1280', '1296', '1255');
INSERT INTO `hospital`.`schedules` (`Date`, `Time`, `Room`, `PatientID`, `SurgeonID`, `TechID`, `NurseID`) VALUES ('04.25.17', '10:00', '204', '10042', '1289', '1297', '1256');
INSERT INTO `hospital`.`schedules` (`Date`, `Time`, `Room`, `PatientID`, `SurgeonID`, `TechID`, `NurseID`) VALUES ('04.25.17', '11:00', '205', '10034', '1281', '1294', '1251');
INSERT INTO `hospital`.`schedules` (`Date`, `Time`, `Room`, `PatientID`, `SurgeonID`, `TechID`, `NurseID`) VALUES ('04.25.17', '11:00', '206', '10038', '1285', '1295', '1252');
INSERT INTO `hospital`.`schedules` (`Date`, `Time`, `Room`, `PatientID`, `SurgeonID`, `TechID`, `NurseID`) VALUES ('04.25.17', '12:00', '207', '10021', '1268', '1296', '1253');
INSERT INTO `hospital`.`schedules` (`Date`, `Time`, `Room`, `PatientID`, `SurgeonID`, `TechID`, `NurseID`) VALUES ('04.25.17', '13:00', '208', '10027', '1274', '1297', '1254');
INSERT INTO `hospital`.`schedules` (`Date`, `Time`, `Room`, `PatientID`, `SurgeonID`, `TechID`, `NurseID`) VALUES ('04.25.17', '13:00', '209', '10028', '1275', '1294', '1255');
INSERT INTO `hospital`.`schedules` (`Date`, `Time`, `Room`, `PatientID`, `SurgeonID`, `TechID`, `NurseID`) VALUES ('04.25.17', '13:00', '210', '10032', '1279', '1295', '1256');
INSERT INTO `hospital`.`schedules` (`Date`, `Time`, `Room`, `PatientID`, `SurgeonID`, `TechID`, `NurseID`) VALUES ('04.25.17', '13:00', '201', '10041', '1288', '1296', '1251');
INSERT INTO `hospital`.`schedules` (`Date`, `Time`, `Room`, `PatientID`, `SurgeonID`, `TechID`, `NurseID`) VALUES ('04.25.17', '14:00', '202', '10023', '1270', '1297', '1252');
INSERT INTO `hospital`.`schedules` (`Date`, `Time`, `Room`, `PatientID`, `SurgeonID`, `TechID`, `NurseID`) VALUES ('04.25.17', '14:00', '203', '10024', '1271', '1294', '1253');
INSERT INTO `hospital`.`schedules` (`Date`, `Time`, `Room`, `PatientID`, `SurgeonID`, `TechID`, `NurseID`) VALUES ('04.25.17', '15:00', '204', '10025', '1272', '1295', '1254');
INSERT INTO `hospital`.`schedules` (`Date`, `Time`, `Room`, `PatientID`, `SurgeonID`, `TechID`, `NurseID`) VALUES ('04.25.17', '15:00', '205', '10035', '1282', '1296', '1255');
INSERT INTO `hospital`.`schedules` (`Date`, `Time`, `Room`, `PatientID`, `SurgeonID`, `TechID`, `NurseID`) VALUES ('04.25.17', '15:00', '206', '10043', '1290', '1297', '1256');
INSERT INTO `hospital`.`schedules` (`Date`, `Time`, `Room`, `PatientID`, `SurgeonID`, `TechID`, `NurseID`) VALUES ('04.25.17', '16:00', '207', '10026', '1273', '1294', '1251');
INSERT INTO `hospital`.`schedules` (`Date`, `Time`, `Room`, `PatientID`, `SurgeonID`, `TechID`, `NurseID`) VALUES ('04.25.17', '16:00', '208', '10030', '1277', '1295', '1252');
INSERT INTO `hospital`.`schedules` (`Date`, `Time`, `Room`, `PatientID`, `SurgeonID`, `TechID`, `NurseID`) VALUES ('04.25.17', '16:00', '209', '10031', '1278', '1296', '1253');
INSERT INTO `hospital`.`schedules` (`Date`, `Time`, `Room`, `PatientID`, `SurgeonID`, `TechID`, `NurseID`) VALUES ('04.25.17', '8:00', '210', '10036', '1283', '1297', '1254');
INSERT INTO `hospital`.`schedules` (`Date`, `Time`, `Room`, `PatientID`, `SurgeonID`, `TechID`, `NurseID`) VALUES ('04.25.17', '8:00', '201', '10037', '1284', '1294', '1255');
INSERT INTO `hospital`.`schedules` (`Date`, `Time`, `Room`, `PatientID`, `SurgeonID`, `TechID`, `NurseID`) VALUES ('04.25.17', '8:00', '202', '10039', '1286', '1295', '1256');
INSERT INTO `hospital`.`schedules` (`Date`, `Time`, `Room`, `PatientID`, `SurgeonID`, `TechID`, `NurseID`) VALUES ('04.25.17', '9:00', '203', '10022', '1269', '1296', '1251');
INSERT INTO `hospital`.`schedules` (`Date`, `Time`, `Room`, `PatientID`, `SurgeonID`, `TechID`, `NurseID`) VALUES ('04.25.17', '9:00', '204', '10040', '1287', '1297', '1252');
INSERT INTO `hospital`.`schedules` (`Date`, `Time`, `Room`, `PatientID`, `SurgeonID`, `TechID`, `NurseID`) VALUES ('04.26.17', '10:00', '205', '10059', '1285', '1294', '1253');
INSERT INTO `hospital`.`schedules` (`Date`, `Time`, `Room`, `PatientID`, `SurgeonID`, `TechID`, `NurseID`) VALUES ('04.26.17', '10:00', '206', '10064', '1279', '1295', '1254');
INSERT INTO `hospital`.`schedules` (`Date`, `Time`, `Room`, `PatientID`, `SurgeonID`, `TechID`, `NurseID`) VALUES ('04.26.17', '10:00', '207', '10069', '1269', '1296', '1255');
INSERT INTO `hospital`.`schedules` (`Date`, `Time`, `Room`, `PatientID`, `SurgeonID`, `TechID`, `NurseID`) VALUES ('04.26.17', '11:00', '208', '10045', '1292', '1297', '1256');
INSERT INTO `hospital`.`schedules` (`Date`, `Time`, `Room`, `PatientID`, `SurgeonID`, `TechID`, `NurseID`) VALUES ('04.26.17', '11:00', '209', '10048', '1271', '1294', '1251');
INSERT INTO `hospital`.`schedules` (`Date`, `Time`, `Room`, `PatientID`, `SurgeonID`, `TechID`, `NurseID`) VALUES ('04.26.17', '11:00', '210', '10055', '1289', '1295', '1252');
INSERT INTO `hospital`.`schedules` (`Date`, `Time`, `Room`, `PatientID`, `SurgeonID`, `TechID`, `NurseID`) VALUES ('04.26.17', '11:00', '201', '10060', '1293', '1296', '1253');
INSERT INTO `hospital`.`schedules` (`Date`, `Time`, `Room`, `PatientID`, `SurgeonID`, `TechID`, `NurseID`) VALUES ('04.26.17', '12:00', '204', '10052', '1288', '1295', '1256');
INSERT INTO `hospital`.`schedules` (`Date`, `Time`, `Room`, `PatientID`, `SurgeonID`, `TechID`, `NurseID`) VALUES ('04.26.17', '12:00', '205', '10057', '1292', '1296', '1251');
INSERT INTO `hospital`.`schedules` (`Date`, `Time`, `Room`, `PatientID`, `SurgeonID`, `TechID`, `NurseID`) VALUES ('04.26.17', '13:00', '206', '10044', '1291', '1297', '1252');
INSERT INTO `hospital`.`schedules` (`Date`, `Time`, `Room`, `PatientID`, `SurgeonID`, `TechID`, `NurseID`) VALUES ('04.26.17', '13:00', '207', '10050', '1278', '1294', '1253');
INSERT INTO `hospital`.`schedules` (`Date`, `Time`, `Room`, `PatientID`, `SurgeonID`, `TechID`, `NurseID`) VALUES ('04.26.17', '14:00', '208', '10047', '1275', '1295', '1254');
INSERT INTO `hospital`.`schedules` (`Date`, `Time`, `Room`, `PatientID`, `SurgeonID`, `TechID`, `NurseID`) VALUES ('04.26.17', '14:00', '209', '10062', '1293', '1296', '1255');
INSERT INTO `hospital`.`schedules` (`Date`, `Time`, `Room`, `PatientID`, `SurgeonID`, `TechID`, `NurseID`) VALUES ('04.26.17', '15:00', '210', '10046', '1293', '1297', '1256');
INSERT INTO `hospital`.`schedules` (`Date`, `Time`, `Room`, `PatientID`, `SurgeonID`, `TechID`, `NurseID`) VALUES ('04.26.17', '15:00', '201', '10056', '1285', '1294', '1251');
INSERT INTO `hospital`.`schedules` (`Date`, `Time`, `Room`, `PatientID`, `SurgeonID`, `TechID`, `NurseID`) VALUES ('04.26.17', '15:00', '202', '10065', '1280', '1295', '1252');
INSERT INTO `hospital`.`schedules` (`Date`, `Time`, `Room`, `PatientID`, `SurgeonID`, `TechID`, `NurseID`) VALUES ('04.26.17', '15:00', '203', '10068', '1268', '1296', '1253');
INSERT INTO `hospital`.`schedules` (`Date`, `Time`, `Room`, `PatientID`, `SurgeonID`, `TechID`, `NurseID`) VALUES ('04.26.17', '16:00', '204', '10051', '1293', '1297', '1254');
INSERT INTO `hospital`.`schedules` (`Date`, `Time`, `Room`, `PatientID`, `SurgeonID`, `TechID`, `NurseID`) VALUES ('04.26.17', '16:00', '205', '10066', '1270', '1294', '1255');
INSERT INTO `hospital`.`schedules` (`Date`, `Time`, `Room`, `PatientID`, `SurgeonID`, `TechID`, `NurseID`) VALUES ('04.26.17', '16:00', '206', '10067', '1290', '1295', '1256');
INSERT INTO `hospital`.`schedules` (`Date`, `Time`, `Room`, `PatientID`, `SurgeonID`, `TechID`, `NurseID`) VALUES ('04.26.17', '8:00', '207', '10049', '1284', '1296', '1251');
INSERT INTO `hospital`.`schedules` (`Date`, `Time`, `Room`, `PatientID`, `SurgeonID`, `TechID`, `NurseID`) VALUES ('04.26.17', '8:00', '208', '10058', '1275', '1297', '1252');
INSERT INTO `hospital`.`schedules` (`Date`, `Time`, `Room`, `PatientID`, `SurgeonID`, `TechID`, `NurseID`) VALUES ('04.26.17', '8:00', '209', '10070', '1293', '1294', '1253');
INSERT INTO `hospital`.`schedules` (`Date`, `Time`, `Room`, `PatientID`, `SurgeonID`, `TechID`, `NurseID`) VALUES ('04.26.17', '9:00', '210', '10053', '1275', '1295', '1254');
INSERT INTO `hospital`.`schedules` (`Date`, `Time`, `Room`, `PatientID`, `SurgeonID`, `TechID`, `NurseID`) VALUES ('04.26.17', '9:00', '201', '10054', '1279', '1296', '1255');
INSERT INTO `hospital`.`schedules` (`Date`, `Time`, `Room`, `PatientID`, `SurgeonID`, `TechID`, `NurseID`) VALUES ('04.26.17', '9:00', '202', '10063', '1269', '1297', '1256');
INSERT INTO `hospital`.`schedules` (`Date`, `Time`, `Room`, `PatientID`, `SurgeonID`, `TechID`, `NurseID`) VALUES ('04.27.17', '10:00', '203', '10080', '1272', '1294', '1251');
INSERT INTO `hospital`.`schedules` (`Date`, `Time`, `Room`, `PatientID`, `SurgeonID`, `TechID`, `NurseID`) VALUES ('04.27.17', '11:00', '204', '10077', '1275', '1295', '1252');
INSERT INTO `hospital`.`schedules` (`Date`, `Time`, `Room`, `PatientID`, `SurgeonID`, `TechID`, `NurseID`) VALUES ('04.27.17', '11:00', '205', '10079', '1278', '1296', '1253');
INSERT INTO `hospital`.`schedules` (`Date`, `Time`, `Room`, `PatientID`, `SurgeonID`, `TechID`, `NurseID`) VALUES ('04.27.17', '12:00', '206', '10073', '1282', '1297', '1254');
INSERT INTO `hospital`.`schedules` (`Date`, `Time`, `Room`, `PatientID`, `SurgeonID`, `TechID`, `NurseID`) VALUES ('04.27.17', '12:00', '207', '10082', '1288', '1294', '1255');
INSERT INTO `hospital`.`schedules` (`Date`, `Time`, `Room`, `PatientID`, `SurgeonID`, `TechID`, `NurseID`) VALUES ('04.27.17', '12:00', '208', '10084', '1282', '1295', '1256');
INSERT INTO `hospital`.`schedules` (`Date`, `Time`, `Room`, `PatientID`, `SurgeonID`, `TechID`, `NurseID`) VALUES ('04.27.17', '13:00', '209', '10087', '1285', '1296', '1251');
INSERT INTO `hospital`.`schedules` (`Date`, `Time`, `Room`, `PatientID`, `SurgeonID`, `TechID`, `NurseID`) VALUES ('04.27.17', '13:00', '210', '10088', '1290', '1297', '1252');
INSERT INTO `hospital`.`schedules` (`Date`, `Time`, `Room`, `PatientID`, `SurgeonID`, `TechID`, `NurseID`) VALUES ('04.27.17', '14:00', '201', '10075', '1268', '1294', '1253');
INSERT INTO `hospital`.`schedules` (`Date`, `Time`, `Room`, `PatientID`, `SurgeonID`, `TechID`, `NurseID`) VALUES ('04.27.17', '14:00', '202', '10083', '1290', '1295', '1254');
INSERT INTO `hospital`.`schedules` (`Date`, `Time`, `Room`, `PatientID`, `SurgeonID`, `TechID`, `NurseID`) VALUES ('04.27.17', '15:00', '203', '10092', '1286', '1296', '1255');
INSERT INTO `hospital`.`schedules` (`Date`, `Time`, `Room`, `PatientID`, `SurgeonID`, `TechID`, `NurseID`) VALUES ('04.27.17', '16:00', '204', '10072', '1293', '1297', '1256');
INSERT INTO `hospital`.`schedules` (`Date`, `Time`, `Room`, `PatientID`, `SurgeonID`, `TechID`, `NurseID`) VALUES ('04.27.17', '16:00', '205', '10091', '1293', '1294', '1251');
INSERT INTO `hospital`.`schedules` (`Date`, `Time`, `Room`, `PatientID`, `SurgeonID`, `TechID`, `NurseID`) VALUES ('04.27.17', '8:00', '207', '10081', '1279', '1296', '1253');
INSERT INTO `hospital`.`schedules` (`Date`, `Time`, `Room`, `PatientID`, `SurgeonID`, `TechID`, `NurseID`) VALUES ('04.27.17', '8:00', '208', '10086', '1288', '1297', '1254');
INSERT INTO `hospital`.`schedules` (`Date`, `Time`, `Room`, `PatientID`, `SurgeonID`, `TechID`, `NurseID`) VALUES ('04.27.17', '8:00', '209', '10089', '1278', '1294', '1255');
INSERT INTO `hospital`.`schedules` (`Date`, `Time`, `Room`, `PatientID`, `SurgeonID`, `TechID`, `NurseID`) VALUES ('04.27.17', '8:00', '210', '10090', '1286', '1295', '1256');
INSERT INTO `hospital`.`schedules` (`Date`, `Time`, `Room`, `PatientID`, `SurgeonID`, `TechID`, `NurseID`) VALUES ('04.27.17', '9:00', '201', '10074', '1287', '1296', '1251');
INSERT INTO `hospital`.`schedules` (`Date`, `Time`, `Room`, `PatientID`, `SurgeonID`, `TechID`, `NurseID`) VALUES ('04.27.17', '9:00', '202', '10078', '1291', '1297', '1252');
INSERT INTO `hospital`.`schedules` (`Date`, `Time`, `Room`, `PatientID`, `SurgeonID`, `TechID`, `NurseID`) VALUES ('04.27.17', '9:00', '203', '10085', '1285', '1294', '1253');
INSERT INTO `hospital`.`schedules` (`Date`, `Time`, `Room`, `PatientID`, `SurgeonID`, `TechID`, `NurseID`) VALUES ('04.24.17', '11:00', '301', '10000', '1268', '1294', '1243');
INSERT INTO `hospital`.`schedules` (`Date`, `Time`, `Room`, `PatientID`, `SurgeonID`, `TechID`, `NurseID`) VALUES ('04.24.17', '11:00', '302', '10001', '1280', '1295', '1244');
INSERT INTO `hospital`.`schedules` (`Date`, `Time`, `Room`, `PatientID`, `SurgeonID`, `TechID`, `NurseID`) VALUES ('04.24.17', '11:00', '303', '10002', '1286', '1296', '1245');
INSERT INTO `hospital`.`schedules` (`Date`, `Time`, `Room`, `PatientID`, `SurgeonID`, `TechID`, `NurseID`) VALUES ('04.24.17', '12:00', '304', '10003', '1286', '1297', '1246');
INSERT INTO `hospital`.`schedules` (`Date`, `Time`, `Room`, `PatientID`, `SurgeonID`, `TechID`, `NurseID`) VALUES ('04.24.17', '12:00', '305', '10004', '1271', '1294', '1247');
INSERT INTO `hospital`.`schedules` (`Date`, `Time`, `Room`, `PatientID`, `SurgeonID`, `TechID`, `NurseID`) VALUES ('04.24.17', '12:00', '306', '10005', '1278', '1295', '1248');
INSERT INTO `hospital`.`schedules` (`Date`, `Time`, `Room`, `PatientID`, `SurgeonID`, `TechID`, `NurseID`) VALUES ('04.24.17', '12:00', '307', '10006', '1291', '1296', '1249');
INSERT INTO `hospital`.`schedules` (`Date`, `Time`, `Room`, `PatientID`, `SurgeonID`, `TechID`, `NurseID`) VALUES ('04.24.17', '13:00', '308', '10007', '1271', '1297', '1250');
INSERT INTO `hospital`.`schedules` (`Date`, `Time`, `Room`, `PatientID`, `SurgeonID`, `TechID`, `NurseID`) VALUES ('04.24.17', '13:00', '309', '10008', '1281', '1294', '1243');
INSERT INTO `hospital`.`schedules` (`Date`, `Time`, `Room`, `PatientID`, `SurgeonID`, `TechID`, `NurseID`) VALUES ('04.24.17', '13:00', '310', '10009', '1290', '1295', '1244');
INSERT INTO `hospital`.`schedules` (`Date`, `Time`, `Room`, `PatientID`, `SurgeonID`, `TechID`, `NurseID`) VALUES ('04.24.17', '14:00', '301', '10010', '1285', '1296', '1245');
INSERT INTO `hospital`.`schedules` (`Date`, `Time`, `Room`, `PatientID`, `SurgeonID`, `TechID`, `NurseID`) VALUES ('04.24.17', '14:00', '302', '10011', '1289', '1297', '1246');
INSERT INTO `hospital`.`schedules` (`Date`, `Time`, `Room`, `PatientID`, `SurgeonID`, `TechID`, `NurseID`) VALUES ('04.24.17', '15:00', '303', '10012', '1279', '1294', '1247');
INSERT INTO `hospital`.`schedules` (`Date`, `Time`, `Room`, `PatientID`, `SurgeonID`, `TechID`, `NurseID`) VALUES ('04.24.17', '15:00', '304', '10013', '1292', '1295', '1248');
INSERT INTO `hospital`.`schedules` (`Date`, `Time`, `Room`, `PatientID`, `SurgeonID`, `TechID`, `NurseID`) VALUES ('04.24.17', '16:00', '305', '10014', '1275', '1296', '1249');
INSERT INTO `hospital`.`schedules` (`Date`, `Time`, `Room`, `PatientID`, `SurgeonID`, `TechID`, `NurseID`) VALUES ('04.24.17', '16:00', '306', '10015', '1288', '1297', '1250');
INSERT INTO `hospital`.`schedules` (`Date`, `Time`, `Room`, `PatientID`, `SurgeonID`, `TechID`, `NurseID`) VALUES ('04.24.17', '16:00', '307', '10016', '1272', '1294', '1243');
INSERT INTO `hospital`.`schedules` (`Date`, `Time`, `Room`, `PatientID`, `SurgeonID`, `TechID`, `NurseID`) VALUES ('04.24.17', '17:00', '308', '10017', '1278', '1295', '1244');
INSERT INTO `hospital`.`schedules` (`Date`, `Time`, `Room`, `PatientID`, `SurgeonID`, `TechID`, `NurseID`) VALUES ('04.24.17', '9:00', '309', '10018', '1277', '1296', '1245');
INSERT INTO `hospital`.`schedules` (`Date`, `Time`, `Room`, `PatientID`, `SurgeonID`, `TechID`, `NurseID`) VALUES ('04.24.17', '9:00', '310', '10019', '1280', '1297', '1246');
INSERT INTO `hospital`.`schedules` (`Date`, `Time`, `Room`, `PatientID`, `SurgeonID`, `TechID`, `NurseID`) VALUES ('04.24.17', '10:00', '301', '10020', '1272', '1294', '1247');
INSERT INTO `hospital`.`schedules` (`Date`, `Time`, `Room`, `PatientID`, `SurgeonID`, `TechID`, `NurseID`) VALUES ('04.25.17', '11:00', '302', '10029', '1276', '1295', '1248');
INSERT INTO `hospital`.`schedules` (`Date`, `Time`, `Room`, `PatientID`, `SurgeonID`, `TechID`, `NurseID`) VALUES ('04.25.17', '11:00', '303', '10033', '1280', '1296', '1249');
INSERT INTO `hospital`.`schedules` (`Date`, `Time`, `Room`, `PatientID`, `SurgeonID`, `TechID`, `NurseID`) VALUES ('04.25.17', '11:00', '304', '10042', '1289', '1297', '1250');
INSERT INTO `hospital`.`schedules` (`Date`, `Time`, `Room`, `PatientID`, `SurgeonID`, `TechID`, `NurseID`) VALUES ('04.25.17', '12:00', '305', '10034', '1281', '1294', '1243');
INSERT INTO `hospital`.`schedules` (`Date`, `Time`, `Room`, `PatientID`, `SurgeonID`, `TechID`, `NurseID`) VALUES ('04.25.17', '12:00', '306', '10038', '1285', '1295', '1244');
INSERT INTO `hospital`.`schedules` (`Date`, `Time`, `Room`, `PatientID`, `SurgeonID`, `TechID`, `NurseID`) VALUES ('04.25.17', '13:00', '307', '10021', '1268', '1296', '1245');
INSERT INTO `hospital`.`schedules` (`Date`, `Time`, `Room`, `PatientID`, `SurgeonID`, `TechID`, `NurseID`) VALUES ('04.25.17', '14:00', '308', '10027', '1274', '1297', '1246');
INSERT INTO `hospital`.`schedules` (`Date`, `Time`, `Room`, `PatientID`, `SurgeonID`, `TechID`, `NurseID`) VALUES ('04.25.17', '14:00', '309', '10028', '1275', '1294', '1247');
INSERT INTO `hospital`.`schedules` (`Date`, `Time`, `Room`, `PatientID`, `SurgeonID`, `TechID`, `NurseID`) VALUES ('04.25.17', '14:00', '310', '10032', '1279', '1295', '1248');
INSERT INTO `hospital`.`schedules` (`Date`, `Time`, `Room`, `PatientID`, `SurgeonID`, `TechID`, `NurseID`) VALUES ('04.25.17', '14:00', '301', '10041', '1288', '1296', '1249');
INSERT INTO `hospital`.`schedules` (`Date`, `Time`, `Room`, `PatientID`, `SurgeonID`, `TechID`, `NurseID`) VALUES ('04.25.17', '15:00', '302', '10023', '1270', '1297', '1250');
INSERT INTO `hospital`.`schedules` (`Date`, `Time`, `Room`, `PatientID`, `SurgeonID`, `TechID`, `NurseID`) VALUES ('04.25.17', '15:00', '303', '10024', '1271', '1294', '1243');
INSERT INTO `hospital`.`schedules` (`Date`, `Time`, `Room`, `PatientID`, `SurgeonID`, `TechID`, `NurseID`) VALUES ('04.25.17', '16:00', '304', '10025', '1272', '1295', '1244');
INSERT INTO `hospital`.`schedules` (`Date`, `Time`, `Room`, `PatientID`, `SurgeonID`, `TechID`, `NurseID`) VALUES ('04.25.17', '16:00', '305', '10035', '1282', '1296', '1245');
INSERT INTO `hospital`.`schedules` (`Date`, `Time`, `Room`, `PatientID`, `SurgeonID`, `TechID`, `NurseID`) VALUES ('04.25.17', '16:00', '306', '10043', '1290', '1297', '1246');
INSERT INTO `hospital`.`schedules` (`Date`, `Time`, `Room`, `PatientID`, `SurgeonID`, `TechID`, `NurseID`) VALUES ('04.25.17', '17:00', '307', '10026', '1273', '1294', '1247');
INSERT INTO `hospital`.`schedules` (`Date`, `Time`, `Room`, `PatientID`, `SurgeonID`, `TechID`, `NurseID`) VALUES ('04.25.17', '17:00', '308', '10030', '1277', '1295', '1248');
INSERT INTO `hospital`.`schedules` (`Date`, `Time`, `Room`, `PatientID`, `SurgeonID`, `TechID`, `NurseID`) VALUES ('04.25.17', '17:00', '309', '10031', '1278', '1296', '1249');
INSERT INTO `hospital`.`schedules` (`Date`, `Time`, `Room`, `PatientID`, `SurgeonID`, `TechID`, `NurseID`) VALUES ('04.25.17', '9:00', '310', '10036', '1283', '1297', '1250');
INSERT INTO `hospital`.`schedules` (`Date`, `Time`, `Room`, `PatientID`, `SurgeonID`, `TechID`, `NurseID`) VALUES ('04.25.17', '9:00', '301', '10037', '1284', '1294', '1243');
INSERT INTO `hospital`.`schedules` (`Date`, `Time`, `Room`, `PatientID`, `SurgeonID`, `TechID`, `NurseID`) VALUES ('04.25.17', '9:00', '302', '10039', '1286', '1295', '1244');
INSERT INTO `hospital`.`schedules` (`Date`, `Time`, `Room`, `PatientID`, `SurgeonID`, `TechID`, `NurseID`) VALUES ('04.25.17', '10:00', '303', '10022', '1269', '1296', '1245');
INSERT INTO `hospital`.`schedules` (`Date`, `Time`, `Room`, `PatientID`, `SurgeonID`, `TechID`, `NurseID`) VALUES ('04.25.17', '10:00', '304', '10040', '1287', '1297', '1246');
INSERT INTO `hospital`.`schedules` (`Date`, `Time`, `Room`, `PatientID`, `SurgeonID`, `TechID`, `NurseID`) VALUES ('04.26.17', '11:00', '305', '10059', '1285', '1294', '1247');
INSERT INTO `hospital`.`schedules` (`Date`, `Time`, `Room`, `PatientID`, `SurgeonID`, `TechID`, `NurseID`) VALUES ('04.26.17', '11:00', '306', '10064', '1279', '1295', '1248');
INSERT INTO `hospital`.`schedules` (`Date`, `Time`, `Room`, `PatientID`, `SurgeonID`, `TechID`, `NurseID`) VALUES ('04.26.17', '11:00', '307', '10069', '1269', '1296', '1249');
INSERT INTO `hospital`.`schedules` (`Date`, `Time`, `Room`, `PatientID`, `SurgeonID`, `TechID`, `NurseID`) VALUES ('04.26.17', '12:00', '308', '10045', '1292', '1297', '1250');
INSERT INTO `hospital`.`schedules` (`Date`, `Time`, `Room`, `PatientID`, `SurgeonID`, `TechID`, `NurseID`) VALUES ('04.26.17', '12:00', '309', '10048', '1271', '1294', '1243');
INSERT INTO `hospital`.`schedules` (`Date`, `Time`, `Room`, `PatientID`, `SurgeonID`, `TechID`, `NurseID`) VALUES ('04.26.17', '12:00', '310', '10055', '1289', '1295', '1244');
INSERT INTO `hospital`.`schedules` (`Date`, `Time`, `Room`, `PatientID`, `SurgeonID`, `TechID`, `NurseID`) VALUES ('04.26.17', '12:00', '301', '10060', '1293', '1296', '1245');
INSERT INTO `hospital`.`schedules` (`Date`, `Time`, `Room`, `PatientID`, `SurgeonID`, `TechID`, `NurseID`) VALUES ('04.26.17', '13:00', '302', '10052', '1288', '1295', '1246');
INSERT INTO `hospital`.`schedules` (`Date`, `Time`, `Room`, `PatientID`, `SurgeonID`, `TechID`, `NurseID`) VALUES ('04.26.17', '13:00', '303', '10057', '1292', '1296', '1247');
INSERT INTO `hospital`.`schedules` (`Date`, `Time`, `Room`, `PatientID`, `SurgeonID`, `TechID`, `NurseID`) VALUES ('04.26.17', '14:00', '304', '10044', '1291', '1297', '1248');
INSERT INTO `hospital`.`schedules` (`Date`, `Time`, `Room`, `PatientID`, `SurgeonID`, `TechID`, `NurseID`) VALUES ('04.26.17', '14:00', '305', '10050', '1278', '1294', '1249');
INSERT INTO `hospital`.`schedules` (`Date`, `Time`, `Room`, `PatientID`, `SurgeonID`, `TechID`, `NurseID`) VALUES ('04.26.17', '15:00', '306', '10047', '1275', '1295', '1250');
INSERT INTO `hospital`.`schedules` (`Date`, `Time`, `Room`, `PatientID`, `SurgeonID`, `TechID`, `NurseID`) VALUES ('04.26.17', '15:00', '307', '10062', '1293', '1296', '1243');
INSERT INTO `hospital`.`schedules` (`Date`, `Time`, `Room`, `PatientID`, `SurgeonID`, `TechID`, `NurseID`) VALUES ('04.26.17', '16:00', '308', '10046', '1293', '1297', '1244');
INSERT INTO `hospital`.`schedules` (`Date`, `Time`, `Room`, `PatientID`, `SurgeonID`, `TechID`, `NurseID`) VALUES ('04.26.17', '16:00', '309', '10056', '1285', '1294', '1245');
INSERT INTO `hospital`.`schedules` (`Date`, `Time`, `Room`, `PatientID`, `SurgeonID`, `TechID`, `NurseID`) VALUES ('04.26.17', '16:00', '310', '10065', '1280', '1295', '1246');
INSERT INTO `hospital`.`schedules` (`Date`, `Time`, `Room`, `PatientID`, `SurgeonID`, `TechID`, `NurseID`) VALUES ('04.26.17', '16:00', '301', '10068', '1268', '1296', '1247');
INSERT INTO `hospital`.`schedules` (`Date`, `Time`, `Room`, `PatientID`, `SurgeonID`, `TechID`, `NurseID`) VALUES ('04.26.17', '17:00', '302', '10051', '1293', '1297', '1248');
INSERT INTO `hospital`.`schedules` (`Date`, `Time`, `Room`, `PatientID`, `SurgeonID`, `TechID`, `NurseID`) VALUES ('04.26.17', '17:00', '303', '10066', '1270', '1294', '1249');
INSERT INTO `hospital`.`schedules` (`Date`, `Time`, `Room`, `PatientID`, `SurgeonID`, `TechID`, `NurseID`) VALUES ('04.26.17', '17:00', '304', '10067', '1290', '1295', '1250');
INSERT INTO `hospital`.`schedules` (`Date`, `Time`, `Room`, `PatientID`, `SurgeonID`, `TechID`, `NurseID`) VALUES ('04.26.17', '9:00', '305', '10049', '1284', '1296', '1243');
INSERT INTO `hospital`.`schedules` (`Date`, `Time`, `Room`, `PatientID`, `SurgeonID`, `TechID`, `NurseID`) VALUES ('04.26.17', '9:00', '306', '10058', '1275', '1297', '1244');
INSERT INTO `hospital`.`schedules` (`Date`, `Time`, `Room`, `PatientID`, `SurgeonID`, `TechID`, `NurseID`) VALUES ('04.26.17', '9:00', '307', '10070', '1293', '1294', '1245');
INSERT INTO `hospital`.`schedules` (`Date`, `Time`, `Room`, `PatientID`, `SurgeonID`, `TechID`, `NurseID`) VALUES ('04.26.17', '10:00', '308', '10053', '1275', '1295', '1246');
INSERT INTO `hospital`.`schedules` (`Date`, `Time`, `Room`, `PatientID`, `SurgeonID`, `TechID`, `NurseID`) VALUES ('04.26.17', '10:00', '309', '10054', '1279', '1296', '1247');
INSERT INTO `hospital`.`schedules` (`Date`, `Time`, `Room`, `PatientID`, `SurgeonID`, `TechID`, `NurseID`) VALUES ('04.26.17', '10:00', '310', '10063', '1269', '1297', '1248');
INSERT INTO `hospital`.`schedules` (`Date`, `Time`, `Room`, `PatientID`, `SurgeonID`, `TechID`, `NurseID`) VALUES ('04.27.17', '11:00', '301', '10080', '1272', '1294', '1249');
INSERT INTO `hospital`.`schedules` (`Date`, `Time`, `Room`, `PatientID`, `SurgeonID`, `TechID`, `NurseID`) VALUES ('04.27.17', '12:00', '302', '10077', '1275', '1295', '1250');
INSERT INTO `hospital`.`schedules` (`Date`, `Time`, `Room`, `PatientID`, `SurgeonID`, `TechID`, `NurseID`) VALUES ('04.27.17', '12:00', '303', '10079', '1278', '1296', '1243');
INSERT INTO `hospital`.`schedules` (`Date`, `Time`, `Room`, `PatientID`, `SurgeonID`, `TechID`, `NurseID`) VALUES ('04.27.17', '13:00', '304', '10073', '1282', '1297', '1244');
INSERT INTO `hospital`.`schedules` (`Date`, `Time`, `Room`, `PatientID`, `SurgeonID`, `TechID`, `NurseID`) VALUES ('04.27.17', '13:00', '305', '10082', '1288', '1294', '1245');
INSERT INTO `hospital`.`schedules` (`Date`, `Time`, `Room`, `PatientID`, `SurgeonID`, `TechID`, `NurseID`) VALUES ('04.27.17', '13:00', '306', '10084', '1282', '1295', '1246');
INSERT INTO `hospital`.`schedules` (`Date`, `Time`, `Room`, `PatientID`, `SurgeonID`, `TechID`, `NurseID`) VALUES ('04.27.17', '14:00', '307', '10087', '1285', '1296', '1247');
INSERT INTO `hospital`.`schedules` (`Date`, `Time`, `Room`, `PatientID`, `SurgeonID`, `TechID`, `NurseID`) VALUES ('04.27.17', '14:00', '308', '10088', '1290', '1297', '1248');
INSERT INTO `hospital`.`schedules` (`Date`, `Time`, `Room`, `PatientID`, `SurgeonID`, `TechID`, `NurseID`) VALUES ('04.27.17', '15:00', '309', '10075', '1268', '1294', '1249');
INSERT INTO `hospital`.`schedules` (`Date`, `Time`, `Room`, `PatientID`, `SurgeonID`, `TechID`, `NurseID`) VALUES ('04.27.17', '15:00', '310', '10083', '1290', '1295', '1250');
INSERT INTO `hospital`.`schedules` (`Date`, `Time`, `Room`, `PatientID`, `SurgeonID`, `TechID`, `NurseID`) VALUES ('04.27.17', '16:00', '301', '10092', '1286', '1296', '1243');
INSERT INTO `hospital`.`schedules` (`Date`, `Time`, `Room`, `PatientID`, `SurgeonID`, `TechID`, `NurseID`) VALUES ('04.27.17', '17:00', '302', '10072', '1293', '1297', '1244');
INSERT INTO `hospital`.`schedules` (`Date`, `Time`, `Room`, `PatientID`, `SurgeonID`, `TechID`, `NurseID`) VALUES ('04.27.17', '17:00', '303', '10091', '1293', '1294', '1245');
INSERT INTO `hospital`.`schedules` (`Date`, `Time`, `Room`, `PatientID`, `SurgeonID`, `TechID`, `NurseID`) VALUES ('04.27.17', '9:00', '304', '10081', '1279', '1296', '1246');
INSERT INTO `hospital`.`schedules` (`Date`, `Time`, `Room`, `PatientID`, `SurgeonID`, `TechID`, `NurseID`) VALUES ('04.27.17', '9:00', '305', '10086', '1288', '1297', '1247');
INSERT INTO `hospital`.`schedules` (`Date`, `Time`, `Room`, `PatientID`, `SurgeonID`, `TechID`, `NurseID`) VALUES ('04.27.17', '9:00', '306', '10089', '1278', '1294', '1248');
INSERT INTO `hospital`.`schedules` (`Date`, `Time`, `Room`, `PatientID`, `SurgeonID`, `TechID`, `NurseID`) VALUES ('04.27.17', '9:00', '307', '10090', '1286', '1295', '1249');
INSERT INTO `hospital`.`schedules` (`Date`, `Time`, `Room`, `PatientID`, `SurgeonID`, `TechID`, `NurseID`) VALUES ('04.27.17', '10:00', '308', '10074', '1287', '1296', '1250');
INSERT INTO `hospital`.`schedules` (`Date`, `Time`, `Room`, `PatientID`, `SurgeonID`, `TechID`, `NurseID`) VALUES ('04.27.17', '10:00', '309', '10078', '1291', '1297', '1243');
INSERT INTO `hospital`.`schedules` (`Date`, `Time`, `Room`, `PatientID`, `SurgeonID`, `TechID`, `NurseID`) VALUES ('04.27.17', '10:00', '310', '10085', '1285', '1294', '1244');




INSERT INTO `hospital`.`schedules` (`Date`, `Time`, `Room`, `PatientID`, `SurgeonID`, `TechID`, `NurseID`) VALUES ('04.28.17', '19:00', '201', '10000', null, null, '1251');
